{
    "loss": 1.0498639345169067,
    "accuracy": 0.6045016050338745
}