{
    "loss": 1.064988613128662,
    "accuracy": 0.5980707406997681
}